product_id,product_name,description,category,price
1,Product 1,Different second floor Mr treatment join.,Home,446.08
2,Product 2,Now newspaper air smile.,Electronics,168.93
3,Product 3,Likely even husband use rate discuss.,Home,164.12
4,Product 4,Its or television their effect election so.,Beauty,419.89
5,Product 5,Glass phone even step show year.,Toys,89.62
6,Product 6,Next all see Mr candidate western society.,Books,123.59
7,Product 7,So up discover Congress.,Beauty,386.86
8,Product 8,Similar boy certain surface.,Toys,205.89
9,Product 9,Then method certain instead. Dark right detail.,Toys,193.83
10,Product 10,True often color lose TV single reveal north.,Beauty,79.44
11,Product 11,Result character cultural sense relationship job.,Toys,446.13
12,Product 12,Mrs lead research.,Books,185.35
13,Product 13,Town interest it week.,Electronics,271.41
14,Product 14,Whom sea charge simply well.,Toys,173.74
15,Product 15,Style lot mother law.,Beauty,217.34
16,Product 16,Write man claim skill analysis.,Clothing,380.16
17,Product 17,Nothing because career important people much his.,Books,38.52
18,Product 18,Sit thing piece itself. Size something plant not.,Beauty,332.14
19,Product 19,Magazine girl statement.,Beauty,193.83
20,Product 20,Despite trial throughout pass.,Beauty,164.63
21,Product 21,Campaign best sure thing fly reduce sell.,Toys,295.39
22,Product 22,Wind network American exist. Officer good eat.,Beauty,366.87
23,Product 23,Free baby front ever it. Away among off own miss.,Beauty,428.72
24,Product 24,Score street power third would.,Toys,263.07
25,Product 25,Beat myself action outside prepare claim.,Clothing,159.3
26,Product 26,Strong term end prevent. Order alone sing.,Clothing,497.23
27,Product 27,While already Mr doctor tough.,Home,49.07
28,Product 28,Police detail follow stop pull.,Clothing,35.8
29,Product 29,Single your give PM find group.,Home,216.9
30,Product 30,Fund throughout now store institution our such.,Home,443.42
31,Product 31,Off prevent bed source hotel structure.,Beauty,62.95
32,Product 32,Thus know involve easy amount.,Electronics,197.71
33,Product 33,Arrive likely similar green occur near.,Home,71.05
34,Product 34,Event such kind statement focus star.,Clothing,324.71
35,Product 35,Way red food plant book.,Electronics,332.26
36,Product 36,News water little film.,Beauty,161.08
37,Product 37,Weight network whose old.,Toys,53.69
38,Product 38,Likely them speech reveal growth us.,Home,409.08
39,Product 39,Finish suffer family hundred scientist TV.,Electronics,326.66
40,Product 40,End hard word smile less people talk.,Beauty,436.41
41,Product 41,Stop home apply despite.,Electronics,135.54
42,Product 42,Local office up.,Electronics,174.27
43,Product 43,Rest nearly military church follow.,Books,175.75
44,Product 44,Material bed forget whatever heavy price.,Clothing,215.3
45,Product 45,Hour yeah society important.,Books,104.63
46,Product 46,Investment short important business manager east.,Clothing,405.96
47,Product 47,Hundred measure exist low white make.,Clothing,118.1
48,Product 48,While key record issue.,Beauty,130.71
49,Product 49,Style discover fund discussion.,Books,254.93
50,Product 50,Ago give can majority issue form list.,Home,67.7
51,Product 51,Radio series too court structure care.,Books,407.15
52,Product 52,Political order our throw wall because.,Toys,173.86
53,Product 53,Issue when by course language store usually.,Toys,312.01
54,Product 54,Research challenge guy series degree list window.,Toys,295.87
55,Product 55,They smile growth.,Beauty,254.05
56,Product 56,Right hear financial.,Books,249.29
57,Product 57,Wonder week open health economic pull tell.,Electronics,297.35
58,Product 58,Both center free tend woman.,Clothing,187.54
59,Product 59,Ask term still grow.,Books,252.36
60,Product 60,Art interview control begin listen person nearly.,Clothing,154.39
61,Product 61,Although suggest certainly loss car beyond.,Beauty,441.3
62,Product 62,Paper site Mr wait.,Toys,384.6
63,Product 63,Friend service again eat along visit four dark.,Home,404.61
64,Product 64,Door read however beyond into true among.,Toys,35.99
65,Product 65,Part scientist scene write rather detail.,Clothing,476.89
66,Product 66,Speak great hit care.,Toys,452.05
67,Product 67,Red law relationship central. Meet culture full.,Beauty,295.39
68,Product 68,You make region ten.,Books,93.56
69,Product 69,Rule audience production major.,Home,249.7
70,Product 70,Ok together other cover.,Clothing,230.84
71,Product 71,Indeed we fish PM improve huge model.,Home,17.91
72,Product 72,Training rather report why answer.,Clothing,182.07
73,Product 73,Easy exactly third once. Wait left fill down red.,Beauty,441.66
74,Product 74,My deal gun begin kitchen.,Electronics,139.21
75,Product 75,Especially last small however task car.,Beauty,357.7
76,Product 76,Painting plant line agree enjoy rock.,Clothing,458.25
77,Product 77,Service measure building fine difficult over sea.,Toys,227.8
78,Product 78,Significant soon officer western.,Clothing,425.83
79,Product 79,Impact real long onto.,Toys,81.74
80,Product 80,Meet politics miss onto smile month suffer.,Home,40.0
81,Product 81,Event guy year color economy meet several.,Toys,443.67
82,Product 82,Some husband information former rate outside.,Toys,447.72
83,Product 83,Store relate personal lose country ground word.,Beauty,296.62
84,Product 84,Learn scientist reveal democratic.,Home,237.58
85,Product 85,Who glass power let week other decide.,Home,24.26
86,Product 86,Have treatment appear camera.,Beauty,478.75
87,Product 87,School already night truth. Brother site red.,Clothing,86.81
88,Product 88,Month nature culture.,Toys,470.23
89,Product 89,Including word event course past likely analysis.,Clothing,62.18
90,Product 90,National six break cell young.,Electronics,91.89
91,Product 91,Film respond similar rock.,Home,272.39
92,Product 92,Within pressure which production test.,Electronics,160.82
93,Product 93,Trial authority support. Discover city term.,Books,136.68
94,Product 94,Onto lawyer miss.,Electronics,107.25
95,Product 95,Smile street most issue model past trip green.,Beauty,349.38
96,Product 96,Ahead authority parent page power.,Books,358.6
97,Product 97,Put trip nor also. Political result message test.,Home,248.0
98,Product 98,Security water mother article.,Home,42.27
99,Product 99,Just could remember food need activity.,Beauty,275.19
100,Product 100,Teach interest into.,Beauty,223.14
101,Product 101,Teacher summer they site animal debate east.,Electronics,180.53
102,Product 102,Market trip training thank.,Toys,126.69
103,Product 103,Speak light sit magazine prevent yes surface.,Books,17.23
104,Product 104,Allow car room another authority young kitchen.,Clothing,142.69
105,Product 105,Analysis push director upon though language.,Electronics,293.01
106,Product 106,Company city personal over myself for own.,Home,165.56
107,Product 107,Without its dog might without meeting day.,Toys,314.28
108,Product 108,Report respond quite case rest until pass.,Clothing,390.49
109,Product 109,Chair room five next your suggest visit.,Clothing,124.54
110,Product 110,We central stop dinner suggest.,Beauty,29.24
111,Product 111,Fill shoulder from suddenly on official know.,Books,41.21
112,Product 112,Year effect six also purpose.,Beauty,31.35
113,Product 113,Later really season read manager.,Home,26.04
114,Product 114,Another side dog body.,Beauty,167.32
115,Product 115,Town go wide produce. Happy raise range medical.,Electronics,359.43
116,Product 116,Condition police mission old we project.,Electronics,181.97
117,Product 117,Build treat more create huge.,Home,370.96
118,Product 118,Prove oil area. Page particularly away stay.,Toys,188.12
119,Product 119,Including adult ground responsibility.,Clothing,270.46
120,Product 120,Usually world expert factor.,Beauty,390.78
121,Product 121,Speak course green yourself Congress street.,Electronics,91.74
122,Product 122,Base risk behavior miss want.,Electronics,308.81
123,Product 123,Place present spring today same.,Electronics,358.42
124,Product 124,Both floor create look power worry.,Clothing,45.86
125,Product 125,Small network unit upon act.,Beauty,480.08
126,Product 126,Economy director suggest generation think anyone.,Electronics,359.42
127,Product 127,Sit health poor democratic idea east able.,Electronics,200.17
128,Product 128,Use son color goal wait go service city.,Beauty,219.93
129,Product 129,Sit outside establish team short Mr pressure.,Books,402.46
130,Product 130,Once office it worry.,Electronics,428.73
131,Product 131,Number authority professional amount quite.,Toys,93.37
132,Product 132,Fire yourself government network race social.,Toys,205.68
133,Product 133,Necessary thank when condition.,Electronics,167.06
134,Product 134,Design room teach.,Clothing,28.75
135,Product 135,Explain quality image whom third line.,Toys,41.71
136,Product 136,Wife large turn go return.,Clothing,308.64
137,Product 137,Choice sound some figure.,Home,116.21
138,Product 138,Explain girl ground notice between likely back.,Clothing,330.17
139,Product 139,Small low conference nice fine.,Books,197.76
140,Product 140,Yard join such eat possible.,Books,66.78
141,Product 141,Plan nearly offer defense reflect south.,Clothing,43.76
142,Product 142,Message base answer should great officer present.,Clothing,425.5
143,Product 143,Lead hard mouth matter factor take than.,Clothing,356.7
144,Product 144,Toward economy deep off while.,Clothing,93.07
145,Product 145,Seven street glass option according.,Home,120.82
146,Product 146,Economy because though interview.,Clothing,18.8
147,Product 147,Happen without idea person.,Home,258.27
148,Product 148,Must just special serve budget language next.,Home,337.86
149,Product 149,Walk nor event structure. Page lot even church.,Books,238.48
150,Product 150,During type finish act.,Clothing,238.47
151,Product 151,Teacher give public.,Toys,213.61
152,Product 152,Traditional fast study agent here.,Toys,328.4
153,Product 153,Whom task appear military but suddenly.,Books,289.33
154,Product 154,Baby realize show no trip.,Home,334.42
155,Product 155,Tonight strategy exactly.,Electronics,440.24
156,Product 156,Run year fund model of since hope.,Clothing,491.33
157,Product 157,These century relate.,Clothing,269.14
158,Product 158,Professional find current resource.,Toys,136.88
159,Product 159,Ability ahead yourself large next.,Beauty,427.19
160,Product 160,Me open student foreign rate people.,Clothing,431.42
161,Product 161,Fear evening tell type office radio.,Toys,476.77
162,Product 162,Case positive particular big company now.,Clothing,402.89
163,Product 163,Eat statement sell build base major.,Home,312.61
164,Product 164,Care protect into. Star need customer.,Beauty,71.92
165,Product 165,Song foreign successful seem beat.,Clothing,273.14
166,Product 166,Process culture hot less.,Home,37.06
167,Product 167,Dark above person message.,Books,72.24
168,Product 168,Six money kind natural. Mean others rather water.,Books,492.47
169,Product 169,Game religious one real life feeling only.,Electronics,188.4
170,Product 170,Author subject number number difference per yet.,Home,447.91
171,Product 171,Bank east wall task by.,Home,231.32
172,Product 172,Student change buy first.,Toys,371.77
173,Product 173,In return political create stand reveal.,Electronics,34.66
174,Product 174,Game feeling peace cell out daughter coach.,Home,463.38
175,Product 175,Product resource sea police technology.,Books,71.09
176,Product 176,Production group question shake place avoid.,Home,386.23
177,Product 177,Account drive wind thought each onto.,Books,471.21
178,Product 178,Something nothing identify quite.,Beauty,384.74
179,Product 179,Police group result accept.,Clothing,446.09
180,Product 180,Put lead subject hear everything ago whose.,Toys,110.14
181,Product 181,Town which cell bring black.,Beauty,40.07
182,Product 182,Move above hit least increase parent.,Clothing,360.03
183,Product 183,Food rock street.,Books,233.36
184,Product 184,Republican while rise southern picture.,Electronics,221.37
185,Product 185,Piece eight into candidate animal property water.,Books,110.95
186,Product 186,How do weight radio usually itself.,Beauty,287.41
187,Product 187,Soon body cup wide.,Books,364.0
188,Product 188,He eat season society consumer artist six doctor.,Toys,173.1
189,Product 189,Occur tend determine land personal low shake.,Beauty,315.32
190,Product 190,No fast although add.,Beauty,448.64
191,Product 191,Doctor hope assume along something style.,Toys,364.89
192,Product 192,During important outside after each.,Books,260.51
193,Product 193,Evidence them life born.,Electronics,386.89
194,Product 194,Lay weight beat land long.,Electronics,477.33
195,Product 195,Party he treat young task across baby.,Home,84.52
196,Product 196,Bill peace billion election strategy let unit.,Home,166.47
197,Product 197,Note public family tend picture very.,Beauty,43.54
198,Product 198,However side while ever less.,Beauty,31.68
199,Product 199,Fish near yard alone book but hard edge.,Beauty,106.33
200,Product 200,Still half poor production.,Books,374.76
201,Product 201,Mention oil doctor.,Books,45.59
202,Product 202,Play ok picture data soldier often while teacher.,Electronics,363.53
203,Product 203,Surface him young face girl animal type camera.,Beauty,150.45
204,Product 204,Race some meet type.,Home,13.17
205,Product 205,Close life book. Cold service reflect.,Clothing,452.5
206,Product 206,Large social full support student participant.,Clothing,78.08
207,Product 207,Sometimes else threat public.,Books,61.17
208,Product 208,Professional most finally personal though.,Toys,443.84
209,Product 209,Law I term other cause character.,Toys,491.4
210,Product 210,Home institution decade thing stock.,Clothing,349.71
211,Product 211,Better development couple still war back.,Clothing,20.31
212,Product 212,Claim energy cost so about mother.,Toys,56.82
213,Product 213,Next response state significant natural cause.,Electronics,292.17
214,Product 214,Sport relate attention little hot hotel.,Electronics,108.93
215,Product 215,Wonder why window rise.,Electronics,55.52
216,Product 216,Next citizen friend.,Electronics,283.72
217,Product 217,Sometimes exactly couple reduce best son.,Beauty,481.2
218,Product 218,Claim yourself growth necessary.,Electronics,258.48
219,Product 219,Section piece determine admit.,Home,369.22
220,Product 220,Memory third gas brother worry officer middle.,Books,393.38
221,Product 221,Read describe lose.,Books,307.73
222,Product 222,Sign attorney whom law large.,Electronics,456.12
223,Product 223,Without rock treatment air arrive factor.,Clothing,453.9
224,Product 224,Adult city whose spend.,Electronics,34.36
225,Product 225,Try help have identify seek second.,Clothing,472.49
226,Product 226,Exactly some help loss still we try work.,Electronics,336.45
227,Product 227,Dream leg particularly to.,Toys,95.35
228,Product 228,Third learn political learn commercial.,Clothing,84.92
229,Product 229,Writer window truth science amount while against.,Toys,147.28
230,Product 230,Evening thought might entire.,Electronics,491.33
231,Product 231,Receive listen effect agent do camera.,Clothing,322.7
232,Product 232,Fill staff thousand feel.,Electronics,13.45
233,Product 233,Another step through wife.,Beauty,191.16
234,Product 234,Economy specific name serve perform half history.,Clothing,54.21
235,Product 235,Person actually beautiful upon us.,Home,490.06
236,Product 236,Your protect financial heavy buy imagine.,Books,336.79
237,Product 237,Respond future red young support.,Beauty,189.73
238,Product 238,Notice skin around much myself religious.,Electronics,166.76
239,Product 239,Time purpose oil language.,Toys,225.01
240,Product 240,Season still its series.,Electronics,113.3
241,Product 241,Read paper thing adult pressure soldier medical.,Home,499.12
242,Product 242,Open establish body with interest face.,Clothing,407.92
243,Product 243,Fire own make middle lay training television.,Home,413.48
244,Product 244,Small crime experience page.,Electronics,255.13
245,Product 245,Type data however wear.,Electronics,346.75
246,Product 246,Land image nature upon.,Beauty,391.82
247,Product 247,Major second tell behavior put.,Books,321.38
248,Product 248,Edge buy mother risk thing source.,Toys,114.25
249,Product 249,Front glass help education.,Clothing,446.61
250,Product 250,Population possible himself free whom beautiful.,Beauty,36.4
251,Product 251,Newspaper get middle set find drug next.,Beauty,29.82
252,Product 252,Find instead kind avoid or break director down.,Home,89.86
253,Product 253,Reality mouth scientist situation.,Beauty,229.54
254,Product 254,Majority notice term leg main. Oil race his.,Toys,221.84
255,Product 255,Safe mouth throughout line many discuss west.,Clothing,35.91
256,Product 256,Item public life thank wife.,Electronics,400.93
257,Product 257,Detail partner save natural floor.,Electronics,459.34
258,Product 258,Form woman certain everybody option its.,Electronics,364.13
259,Product 259,Want beyond watch fear.,Toys,481.44
260,Product 260,Skill reduce if major.,Books,432.46
261,Product 261,Owner turn election raise.,Electronics,413.79
262,Product 262,Each goal day.,Clothing,201.62
263,Product 263,Former become idea.,Home,44.1
264,Product 264,Front now issue throw nation few beautiful.,Home,202.31
265,Product 265,Generation song energy several image.,Books,313.03
266,Product 266,Significant throw area down.,Clothing,44.44
267,Product 267,Five then night difference.,Home,275.27
268,Product 268,Dream thank maybe. Hear test several.,Toys,115.05
269,Product 269,Often performance buy well.,Clothing,213.29
270,Product 270,Save there war run another decide news.,Home,349.67
271,Product 271,Weight play rich my pass act agreement.,Electronics,368.89
272,Product 272,Make painting war positive.,Toys,206.37
273,Product 273,Difficult perform each various everything.,Toys,471.05
274,Product 274,Book game city under per me.,Beauty,194.27
275,Product 275,End while collection wish travel.,Clothing,217.95
276,Product 276,Live dark Republican key step challenge really.,Beauty,398.91
277,Product 277,Likely sit citizen Congress series.,Toys,267.75
278,Product 278,About institution different suggest water learn.,Beauty,188.18
279,Product 279,Partner plant coach daughter minute.,Electronics,52.49
280,Product 280,Early student quickly compare much onto.,Beauty,468.47
281,Product 281,Cell under even paper understand base.,Home,115.43
282,Product 282,Foot over hope charge.,Clothing,298.72
283,Product 283,Catch hard data write project.,Electronics,473.68
284,Product 284,Pull meet war rate north.,Toys,344.2
285,Product 285,Race second player argue market exactly.,Clothing,496.99
286,Product 286,Security strong note figure.,Books,139.53
287,Product 287,Body agreement government second but.,Clothing,375.14
288,Product 288,Must military medical white person economy.,Beauty,421.51
289,Product 289,Arrive not for and student.,Beauty,300.07
290,Product 290,Public staff no answer. And set scientist.,Toys,383.79
291,Product 291,Modern material ask. Good similar really step.,Home,416.11
292,Product 292,Eye statement air attorney. Cell stop military.,Home,305.31
293,Product 293,Share worker history sure which wall.,Electronics,336.7
294,Product 294,Size join must draw discover which speech.,Books,150.98
295,Product 295,Necessary lot ahead central.,Toys,277.68
296,Product 296,Here hospital few share agency nature or.,Electronics,336.82
297,Product 297,Both ability walk head turn.,Beauty,410.37
298,Product 298,From mean issue we.,Beauty,197.7
299,Product 299,Grow piece thus safe or lose game.,Toys,471.1
300,Product 300,Common toward single suddenly seat where when.,Books,455.74
301,Product 301,Class assume before ball four bank history.,Beauty,212.59
302,Product 302,Society second American practice make question.,Clothing,147.45
303,Product 303,Success during few none.,Home,432.59
304,Product 304,Of life war least explain popular perform.,Beauty,418.91
305,Product 305,And campaign until current force.,Electronics,453.64
306,Product 306,Sign realize yet science claim.,Toys,44.84
307,Product 307,Attack measure thank on practice together.,Clothing,100.41
308,Product 308,South save glass minute bed.,Toys,458.57
309,Product 309,Someone article less run.,Books,184.91
310,Product 310,Science land course will similar want.,Toys,464.79
311,Product 311,Majority piece him.,Toys,145.62
312,Product 312,Painting build exactly deal hear when.,Toys,53.26
313,Product 313,May take account instead four push ok.,Electronics,63.4
314,Product 314,With owner can final success protect director.,Books,130.74
315,Product 315,Approach memory type project training practice.,Books,419.74
316,Product 316,Heart hotel return sign. Along carry seek trial.,Toys,314.44
317,Product 317,Public along store south kitchen.,Home,359.22
318,Product 318,History figure century per degree chair.,Beauty,372.47
319,Product 319,By suddenly inside we stand.,Home,278.63
320,Product 320,Whatever real whether he street expect security.,Home,345.88
321,Product 321,Blue employee read every.,Beauty,321.51
322,Product 322,Seem partner for way level drop first.,Clothing,466.59
323,Product 323,Price leg stop very three simply.,Home,298.83
324,Product 324,Answer door reveal prevent bed PM suggest.,Beauty,151.69
325,Product 325,Focus everybody movie out officer model capital.,Home,76.27
326,Product 326,Trip official west parent seek.,Beauty,496.04
327,Product 327,Wonder chair community movement so customer.,Clothing,58.62
328,Product 328,Well dog camera think.,Toys,133.08
329,Product 329,Owner official stay president threat.,Toys,31.47
330,Product 330,Because two carry many only station.,Home,342.79
331,Product 331,American so discover.,Electronics,144.52
332,Product 332,Yet world like course there American blood.,Books,446.7
333,Product 333,Yet bank suggest military adult society term.,Home,131.92
334,Product 334,Record want early available table.,Books,112.22
335,Product 335,Water medical nothing wish large billion show.,Home,18.72
336,Product 336,Need picture worry successful begin listen.,Books,22.14
337,Product 337,Force recent number administration young risk.,Books,193.62
338,Product 338,Guess stop its see step item shoulder.,Clothing,173.41
339,Product 339,View far fund resource candidate.,Beauty,327.84
340,Product 340,Single without about art.,Toys,208.36
341,Product 341,Challenge identify somebody able.,Clothing,460.22
342,Product 342,Simple guess study write those.,Electronics,67.74
343,Product 343,Good where hot. Along into side however work.,Books,351.7
344,Product 344,Other television support.,Electronics,164.31
345,Product 345,Move door color surface.,Toys,241.14
346,Product 346,Physical chair task enough tonight choose young.,Beauty,316.61
347,Product 347,Range body report sound compare would.,Toys,238.45
348,Product 348,Dinner hair price choose send evidence key.,Electronics,47.39
349,Product 349,Never food at house.,Clothing,142.77
350,Product 350,Yeah from hour chair.,Beauty,36.2
351,Product 351,Especially car boy view.,Books,328.7
352,Product 352,Government catch current challenge part.,Clothing,58.42
353,Product 353,Day free result.,Clothing,103.99
354,Product 354,Company nothing partner every strategy.,Clothing,126.81
355,Product 355,Measure he fight those feel head another.,Toys,62.7
356,Product 356,True stock produce method. Activity country huge.,Books,63.18
357,Product 357,Court risk moment team pretty their.,Books,396.02
358,Product 358,Fly fire later color.,Electronics,364.94
359,Product 359,Condition way human growth sure raise I.,Home,80.47
360,Product 360,Decision become involve itself subject second.,Beauty,177.93
361,Product 361,Key cut third especially even set.,Clothing,199.29
362,Product 362,Property issue first design.,Home,417.72
363,Product 363,Wrong memory party lose yeah great everyone.,Home,288.48
364,Product 364,Most success purpose call year key fund.,Electronics,348.42
365,Product 365,Degree house fire every wide increase.,Electronics,12.53
366,Product 366,Through key eye magazine.,Beauty,115.95
367,Product 367,State within player economy company.,Electronics,303.69
368,Product 368,Develop society condition single so.,Beauty,76.01
369,Product 369,Back on behavior. Laugh affect reason learn.,Books,140.42
370,Product 370,For itself interview. Together community go.,Beauty,269.08
371,Product 371,Than change drive run hear million.,Books,191.38
372,Product 372,Policy local local think.,Home,317.61
373,Product 373,That seat personal him off per.,Beauty,353.43
374,Product 374,Performance according too book.,Clothing,236.19
375,Product 375,Us plan mind for learn wind successful large.,Toys,478.58
376,Product 376,Glass effort bank least argue career manager.,Clothing,133.44
377,Product 377,Model attention edge.,Electronics,181.39
378,Product 378,Condition call join billion find movie.,Clothing,319.71
379,Product 379,Heavy do apply real born care talk strong.,Books,18.13
380,Product 380,Traditional every break herself.,Home,59.11
381,Product 381,Big wish weight civil.,Electronics,228.16
382,Product 382,Seem oil receive you.,Home,38.66
383,Product 383,Enough water citizen service minute a tax such.,Toys,281.62
384,Product 384,Institution spring decision others.,Home,260.31
385,Product 385,Within throw as all drug section.,Electronics,336.13
386,Product 386,Leave gas late along down record.,Clothing,432.68
387,Product 387,Star personal room true.,Books,20.66
388,Product 388,Onto yourself evidence eat her professor end.,Clothing,124.63
389,Product 389,Wonder go well true improve travel turn.,Electronics,323.98
390,Product 390,Song garden recognize yes.,Clothing,332.1
391,Product 391,Now threat per eye could pass care.,Beauty,378.07
392,Product 392,Wait ok position identify relationship service.,Toys,65.79
393,Product 393,Offer school soon work. Often any which fast.,Books,321.34
394,Product 394,Data Congress project goal.,Toys,72.79
395,Product 395,Much church great kind conference special field.,Electronics,295.47
396,Product 396,Son clear ok trouble.,Books,490.42
397,Product 397,Your court democratic dinner foot others.,Toys,314.72
398,Product 398,Spring vote marriage yourself natural.,Beauty,348.97
399,Product 399,Conference station add study land full mouth.,Home,25.66
400,Product 400,Herself discover another.,Beauty,228.56
401,Product 401,Citizen support white TV budget never.,Electronics,323.62
402,Product 402,Call nice among traditional.,Clothing,177.78
403,Product 403,The scene population memory yes future back.,Electronics,225.66
404,Product 404,International past operation ever.,Books,439.62
405,Product 405,Ability writer side put adult wall require.,Toys,12.23
406,Product 406,Form charge lead activity well certain science.,Clothing,18.69
407,Product 407,Able evening stuff no use effort road.,Beauty,411.81
408,Product 408,Far heart hotel exist really than.,Clothing,164.16
409,Product 409,Election serious charge too visit speech field.,Clothing,225.04
410,Product 410,By agent career hope be stop interesting.,Electronics,341.16
411,Product 411,Issue difficult thank price expect bag.,Beauty,219.7
412,Product 412,Player response they economy program.,Books,476.02
413,Product 413,Man step move although board though.,Beauty,174.18
414,Product 414,Dog then cause down sport foreign power.,Books,174.01
415,Product 415,Three worry daughter economic.,Beauty,107.9
416,Product 416,Live Mrs direction PM choice score.,Beauty,49.49
417,Product 417,Value politics too team then.,Home,50.7
418,Product 418,Design he million purpose bed book.,Electronics,396.29
419,Product 419,Reveal machine tend clear join.,Books,88.2
420,Product 420,Anything high station yes modern third capital.,Beauty,412.63
421,Product 421,Maintain fill something have difference final do.,Electronics,120.1
422,Product 422,Number bring lay memory down certainly.,Toys,136.47
423,Product 423,Spring recognize reach machine spring.,Clothing,97.95
424,Product 424,Go policy feel.,Clothing,368.96
425,Product 425,Teacher seven bank speak apply.,Electronics,34.58
426,Product 426,Indicate partner answer some hold knowledge even.,Home,338.48
427,Product 427,Their prepare concern admit blood.,Toys,327.43
428,Product 428,Trip all stop him red.,Clothing,322.28
429,Product 429,Baby station middle knowledge lead.,Home,352.18
430,Product 430,Strategy nor ago hand summer world.,Beauty,338.02
431,Product 431,This nor same. Just yard middle realize.,Home,12.77
432,Product 432,His improve population good their every.,Clothing,461.6
433,Product 433,Candidate sea yet avoid discuss action.,Beauty,86.71
434,Product 434,Couple policy nor.,Beauty,351.76
435,Product 435,Sort tend recent building.,Toys,475.13
436,Product 436,Interest themselves anyone across kind above.,Electronics,317.2
437,Product 437,Appear save industry way message account mission.,Beauty,106.25
438,Product 438,Three safe new. Full right yet no.,Electronics,388.64
439,Product 439,Environment him pay too. Show wind few deal.,Beauty,110.98
440,Product 440,Pay large project training upon entire peace.,Clothing,427.08
441,Product 441,Its quickly young short reflect store back.,Electronics,114.67
442,Product 442,Use claim day study. Teach pick key threat.,Toys,126.28
443,Product 443,World vote education rock determine.,Home,11.63
444,Product 444,City gas politics.,Books,173.32
445,Product 445,Hospital according population.,Books,168.81
446,Product 446,Prevent put cell company thus.,Electronics,232.36
447,Product 447,Major certain government oil city grow.,Books,39.12
448,Product 448,Pull study set account.,Clothing,425.78
449,Product 449,Book couple research employee.,Home,365.22
450,Product 450,With face among. Those too statement institution.,Electronics,464.17
451,Product 451,My reality change matter.,Toys,303.96
452,Product 452,As smile term prevent recently from.,Home,329.77
453,Product 453,Than food important put.,Home,202.44
454,Product 454,Law or shoulder base game property.,Electronics,205.02
455,Product 455,Friend though present experience check.,Toys,403.64
456,Product 456,Technology too organization weight.,Home,99.01
457,Product 457,Huge value just safe.,Clothing,209.12
458,Product 458,Blue plan painting this main final voice.,Books,273.63
459,Product 459,There interesting begin through trip fight.,Beauty,458.34
460,Product 460,Suffer agree sing certainly thought.,Books,28.31
461,Product 461,Lead hold sing shake.,Electronics,401.9
462,Product 462,One education party east sister listen respond.,Books,84.73
463,Product 463,Create cultural want claim hear nearly consider.,Toys,360.26
464,Product 464,Stand why above movement remain deal color.,Electronics,206.63
465,Product 465,Cost almost attack her lot arrive experience.,Beauty,51.8
466,Product 466,Catch talk relationship decision father.,Clothing,290.77
467,Product 467,Need name must.,Clothing,165.5
468,Product 468,Bar discuss hope company economic key final.,Home,24.94
469,Product 469,Surface Congress address policy.,Books,401.41
470,Product 470,Wait require pattern tend people.,Beauty,452.23
471,Product 471,Follow look he scientist bed.,Home,473.65
472,Product 472,Reflect service ready call across almost.,Toys,220.82
473,Product 473,Local strong protect apply.,Toys,158.4
474,Product 474,Explain stuff help statement left away because.,Electronics,455.99
475,Product 475,Party lead factor difference provide.,Books,161.74
476,Product 476,Trial meet seat movie eight structure.,Books,379.15
477,Product 477,Area rather two know city meeting vote.,Electronics,407.04
478,Product 478,Exactly physical box ten sport radio individual.,Home,278.17
479,Product 479,Class media direction out structure most box.,Books,340.09
480,Product 480,Bad strategy everybody information early.,Books,228.37
481,Product 481,Serve surface detail.,Beauty,206.27
482,Product 482,Since total around rather mother rate wind.,Electronics,57.7
483,Product 483,Out cup goal offer.,Toys,12.81
484,Product 484,Maybe chance quite your goal.,Home,196.14
485,Product 485,Choice majority new condition who work program.,Electronics,334.87
486,Product 486,Floor myself coach late nice purpose vote.,Toys,123.73
487,Product 487,Very worker that. Degree blue special.,Clothing,487.17
488,Product 488,Stop herself through small.,Clothing,366.51
489,Product 489,Open else push report. Upon whether dark.,Electronics,447.07
490,Product 490,Lose address view chance special.,Clothing,81.68
491,Product 491,South that follow wife mean make.,Home,221.73
492,Product 492,Record shake fill capital sound within talk.,Beauty,229.56
493,Product 493,Not education enough else decade.,Clothing,320.13
494,Product 494,Customer wrong summer number.,Clothing,371.37
495,Product 495,Main officer game floor speech economic.,Electronics,291.73
496,Product 496,Show power land fire seven choose.,Beauty,276.63
497,Product 497,Agency return develop history exist trouble.,Home,38.81
498,Product 498,Question become go article first.,Books,350.82
499,Product 499,Smile fire project nation.,Beauty,427.35
500,Product 500,Decade spend minute central game church little.,Home,303.69
